{
    "name": "BookingData",
    "properties": {
        "type": "MappingDataFlow",
        "typeProperties": {
            "sources": [
                {
                    "dataset": {
                        "referenceName": "BookingDataCosmos",
                        "type": "DatasetReference"
                    },
                    "name": "BookingDataTransformations"
                },
                {
                    "dataset": {
                        "referenceName": "BookingsFcatDataSynapse",
                        "type": "DatasetReference"
                    },
                    "name": "SynapseForLookup",
                    "description": "Import data from \nBookingsFcatDataSynapse for Lookup"
                }
            ],
            "sinks": [
                {
                    "dataset": {
                        "referenceName": "BookingsFcatDataSynapse",
                        "type": "DatasetReference"
                    },
                    "name": "SynapseFactWrite",
                    "description": "Ad",
                    "rejectedDataLinkedService": {
                        "referenceName": "AzureDataLakeStorage",
                        "type": "LinkedServiceReference"
                    }
                }
            ],
            "transformations": [
                {
                    "name": "DataQualityCheck",
                    "description": "Conditionally split the data in check_in_date and check_out_date groups, based on columns{1}"
                },
                {
                    "name": "DerivedColumns"
                },
                {
                    "name": "LookupInSynapse"
                },
                {
                    "name": "AlterRowForUpdate",
                    "description": "Insert, update, delete or Upsert using expressions on columns "
                },
                {
                    "name": "FinalColumns"
                }
            ],
            "scriptLines": [
                "source(output(",
                "          booking_id as string,",
                "          property_id as string,",
                "          customer_id as integer,",
                "          owner_id as string,",
                "          check_in_date as string,",
                "          check_out_date as string,",
                "          booking_date as string,",
                "          amount as double,",
                "          currency as string,",
                "          property_location as (city as string, country as string),",
                "          timestamp as string",
                "     ),",
                "     allowSchemaDrift: true,",
                "     validateSchema: false,",
                "     limit: 10,",
                "     enableChangeFeed: true,",
                "     changeFeedStartFromTheBeginning: false,",
                "     format: 'document') ~> BookingDataTransformations",
                "source(output(",
                "          booking_id as string,",
                "          property_id as string,",
                "          customer_id as integer,",
                "          owner_id as string,",
                "          check_in_date as date,",
                "          check_out_date as date,",
                "          booking_date as timestamp,",
                "          amount as double,",
                "          currency as string,",
                "          city as string,",
                "          country as string,",
                "          full_address as string,",
                "          stay_duration as long,",
                "          booking_year as integer,",
                "          booking_month as integer,",
                "          timestamp as timestamp",
                "     ),",
                "     allowSchemaDrift: true,",
                "     validateSchema: false,",
                "     isolationLevel: 'READ_UNCOMMITTED',",
                "     format: 'table',",
                "     staged: true) ~> SynapseForLookup",
                "BookingDataTransformations split(check_out_date<check_in_date,",
                "     disjoint: true) ~> DataQualityCheck@(BadRecords, AcceptedRecords)",
                "DataQualityCheck@AcceptedRecords derive(check_in_date = toDate(check_in_date),",
                "          check_out_date = toDate(check_out_date),",
                "          booking_date = toDate(booking_date),",
                "          booking_year = year(toDate(booking_date)),",
                "          booking_id = booking_id) ~> DerivedColumns",
                "DerivedColumns, SynapseForLookup lookup(DerivedColumns@booking_id == SynapseForLookup@booking_id,",
                "     multiple: false,",
                "     pickup: 'first',",
                "     desc(SynapseForLookup@timestamp, true),",
                "     broadcast: 'auto')~> LookupInSynapse",
                "LookupInSynapse alterRow(insertIf(isNull(SynapseForLookup@booking_id)),",
                "     updateIf(!isNull(SynapseForLookup@booking_id))) ~> AlterRowForUpdate",
                "AlterRowForUpdate select(mapColumn(",
                "          booking_id = DerivedColumns@booking_id,",
                "          check_in_date = DerivedColumns@check_in_date,",
                "          check_out_date = DerivedColumns@check_out_date,",
                "          booking_date = DerivedColumns@booking_date,",
                "          booking_year = DerivedColumns@booking_year",
                "     ),",
                "     skipDuplicateMapInputs: true,",
                "     skipDuplicateMapOutputs: true) ~> FinalColumns",
                "FinalColumns sink(allowSchemaDrift: true,",
                "     validateSchema: false,",
                "     input(",
                "          booking_id as string,",
                "          property_id as string,",
                "          customer_id as integer,",
                "          owner_id as string,",
                "          check_in_date as date,",
                "          check_out_date as date,",
                "          booking_date as timestamp,",
                "          amount as double,",
                "          currency as string,",
                "          city as string,",
                "          country as string,",
                "          full_address as string,",
                "          stay_duration as long,",
                "          booking_year as integer,",
                "          booking_month as integer,",
                "          timestamp as timestamp",
                "     ),",
                "     deletable:false,",
                "     insertable:true,",
                "     updateable:true,",
                "     upsertable:false,",
                "     keys:['booking_id'],",
                "     format: 'table',",
                "     staged: true,",
                "     allowCopyCommand: true,",
                "     skipDuplicateMapInputs: true,",
                "     skipDuplicateMapOutputs: true,",
                "     errorHandlingOption: 'stopOnFirstError') ~> SynapseFactWrite"
            ]
        }
    }
}