{
    "now": "2024-09-05T22:09:59.859Z",
    "perfNow": 36776966.89999999,
    "diagnosticCorrelation": "ab1f7b8a-04c3-4508-a0a8-df630d98dd49",
    "source": "DownloadSupportFiles",
    "environment": {
        "productName": "adf",
        "buildVersion": "1.0.081824.4",
        "environmentType": 3,
        "resourceName": "airbnbproject12",
        "resourceRegion": "eastus",
        "resourceGroup": "industrialProjects",
        "subscriptionId": "4b624444-eea2-470b-99dd-c5eec2bee9b9",
        "sessionId": "3wu8S/37B98nW2THi5sJN0",
        "operationId": "",
        "gitType": "live",
        "loggingKey": "9b9bb5b9-e68c-4b04-812d-516dddca6948"
    },
    "additionalInfo": {
        "selectedResource": "BookingData",
        "selectedResourceType": "dataflow",
        "dataFlowSessionId": "6528e577-590d-4237-9f5e-f355ad8474e1"
    }
}